<?xml version="1.0" encoding="UTF-8"?>
<project-private xmlns="http://www.netbeans.org/ns/project-private/1">
    <editor-bookmarks xmlns="http://www.netbeans.org/ns/editor-bookmarks/2" lastBookmarkId="0"/>
    <open-files xmlns="http://www.netbeans.org/ns/projectui-open-files/2">
        <group>
            <file>file:/C:/Users/FUJITSU/Documents/netbeans/Coffee%20Inventory%20System/CoffeInventory/src/coffeinventory/product.java</file>
            <file>file:/C:/Users/FUJITSU/Documents/netbeans/Coffee%20Inventory%20System/CoffeInventory/src/coffeinventory/Home.java</file>
            <file>file:/C:/Users/FUJITSU/Documents/netbeans/Coffee%20Inventory%20System/CoffeInventory/src/coffeinventory/employee.java</file>
            <file>file:/C:/Users/FUJITSU/Documents/netbeans/Coffee%20Inventory%20System/CoffeInventory/src/coffeinventory/Sale.java</file>
            <file>file:/C:/Users/FUJITSU/Documents/netbeans/Coffee%20Inventory%20System/CoffeInventory/src/coffeinventory/invoice.java</file>
            <file>file:/C:/Users/FUJITSU/Documents/netbeans/Coffee%20Inventory%20System/CoffeInventory/src/coffeinventory/supplier.java</file>
        </group>
    </open-files>
</project-private>
